aircraft_id,base_id,role,faction,doctrine,anchor_sha256,raw_fuel,raw_durability,raw_yawSpeed,raw_pitchSpeed,raw_engineSpeed,raw_pushSpeed,raw_glideFactor,raw_driftDrag,raw_lift,raw_rollFactor,raw_groundPitch,raw_wind,raw_mass,effective_acceleration,effective_friction,effective_stabilizer,effective_groundFriction,effective_waterFriction,effective_rotationDecay,effective_horizontalDecay,effective_verticalDecay,effective_engineSpeed,effective_yawSpeed,effective_pitchSpeed,effective_pushSpeed,effective_durability,effective_fuel,effective_glideFactor,effective_lift,effective_rollFactor,effective_groundPitch,effective_wind,effective_mass,driftDrag_runtime_active,runtime_friction_source,evidence
warfare_wings:a6m,a6m,fighter,ijn,turn_fighter,dc3029597c88859744633b6f5e4a9f21d449294b1aaac90ea0c1749d7aa98a43,2.1,2.5,3.8,3.5,0.075,0.05,0.065,0.008,0.135,60.0,11.8,0.0015,5.4,1.0,0.015,0.0,0.95,0.9,0.97,0.97,0.97,0.075,3.8,3.5,0.05,2.5,2.1,0.065,0.135,60.0,11.8,0.0015,5.4,false,IA_1.3.3_default_no_friction_key,ANCHOR_JAR+IA_1.3.3_SOURCE
warfare_wings:b17,b17,bomber,usaaf,escort,dc3029597c88859744633b6f5e4a9f21d449294b1aaac90ea0c1749d7aa98a43,5.5,6.0,1.2,1.1,0.045,0.05,0.08,0.02,0.28,15.0,5.5,0.006,18.0,1.0,0.015,0.0,0.95,0.9,0.97,0.97,0.97,0.045,1.2,1.1,0.05,6.0,5.5,0.08,0.28,15.0,5.5,0.006,18.0,false,IA_1.3.3_default_no_friction_key,ANCHOR_JAR+IA_1.3.3_SOURCE
warfare_wings:b29,b29,bomber,usaaf,escort,dc3029597c88859744633b6f5e4a9f21d449294b1aaac90ea0c1749d7aa98a43,6.5,6.5,1.3,1.2,0.05,0.05,0.085,0.018,0.3,18.0,0.5,0.0055,20.0,1.0,0.015,0.0,0.95,0.9,0.97,0.97,0.97,0.05,1.3,1.2,0.05,6.5,6.5,0.085,0.3,18.0,0.5,0.0055,20.0,false,IA_1.3.3_default_no_friction_key,ANCHOR_JAR+IA_1.3.3_SOURCE
warfare_wings:bf109,bf109,fighter,luftwaffe,energy_fighter,dc3029597c88859744633b6f5e4a9f21d449294b1aaac90ea0c1749d7aa98a43,2.5,3.5,3.2,3.0,0.098,0.05,0.058,0.01,0.142,75.0,13.0,0.0025,6.0,1.0,0.015,0.0,0.95,0.9,0.97,0.97,0.97,0.098,3.2,3.0,0.05,3.5,2.5,0.058,0.142,75.0,13.0,0.0025,6.0,false,IA_1.3.3_default_no_friction_key,ANCHOR_JAR+IA_1.3.3_SOURCE
warfare_wings:d4y,d4y,attacker,ijn,attacker,dc3029597c88859744633b6f5e4a9f21d449294b1aaac90ea0c1749d7aa98a43,2.5,3.3,3.2,3.0,0.085,0.05,0.07,0.013,0.2,48.0,10.8,0.003,6.6,1.0,0.015,0.0,0.95,0.9,0.97,0.97,0.97,0.085,3.2,3.0,0.05,3.3,2.5,0.07,0.2,48.0,10.8,0.003,6.6,false,IA_1.3.3_default_no_friction_key,ANCHOR_JAR+IA_1.3.3_SOURCE
warfare_wings:f4u,f4u,fighter,usn,energy_fighter,dc3029597c88859744633b6f5e4a9f21d449294b1aaac90ea0c1749d7aa98a43,3.1,4.5,2.9,2.75,0.1,0.05,0.062,0.011,0.16,74.0,11.7,0.0022,7.8,1.0,0.015,0.0,0.95,0.9,0.97,0.97,0.97,0.1,2.9,2.75,0.05,4.5,3.1,0.062,0.16,74.0,11.7,0.0022,7.8,false,IA_1.3.3_default_no_friction_key,ANCHOR_JAR+IA_1.3.3_SOURCE
warfare_wings:f6f,f6f,fighter,usn,energy_fighter,dc3029597c88859744633b6f5e4a9f21d449294b1aaac90ea0c1749d7aa98a43,3.0,4.5,2.8,2.7,0.095,0.05,0.062,0.011,0.155,72.0,11.4,0.002,7.4,1.0,0.015,0.0,0.95,0.9,0.97,0.97,0.97,0.095,2.8,2.7,0.05,4.5,3.0,0.062,0.155,72.0,11.4,0.002,7.4,false,IA_1.3.3_default_no_friction_key,ANCHOR_JAR+IA_1.3.3_SOURCE
warfare_wings:fw190,fw190,fighter,luftwaffe,energy_fighter,dc3029597c88859744633b6f5e4a9f21d449294b1aaac90ea0c1749d7aa98a43,2.9,4.0,3.1,3.0,0.1,0.05,0.06,0.011,0.15,76.0,11.8,0.0025,6.7,1.0,0.015,0.0,0.95,0.9,0.97,0.97,0.97,0.1,3.1,3.0,0.05,4.0,2.9,0.06,0.15,76.0,11.8,0.0025,6.7,false,IA_1.3.3_default_no_friction_key,ANCHOR_JAR+IA_1.3.3_SOURCE
warfare_wings:g10n1,g10n1,bomber,ijn,escort,dc3029597c88859744633b6f5e4a9f21d449294b1aaac90ea0c1749d7aa98a43,6.0,5.5,2.0,2.0,0.06,0.05,0.09,0.017,0.31,20.0,0.1,0.0048,22.0,1.0,0.015,0.0,0.95,0.9,0.97,0.97,0.97,0.06,2.0,2.0,0.05,5.5,6.0,0.09,0.31,20.0,0.1,0.0048,22.0,false,IA_1.3.3_default_no_friction_key,ANCHOR_JAR+IA_1.3.3_SOURCE
warfare_wings:g10n2,g10n2,bomber,ijn,escort,dc3029597c88859744633b6f5e4a9f21d449294b1aaac90ea0c1749d7aa98a43,6.0,5.5,2.0,2.0,0.06,0.05,0.09,0.017,0.31,20.0,0.1,0.0048,17.0,1.0,0.015,0.0,0.95,0.9,0.97,0.97,0.97,0.06,2.0,2.0,0.05,5.5,6.0,0.09,0.31,20.0,0.1,0.0048,17.0,false,IA_1.3.3_default_no_friction_key,ANCHOR_JAR+IA_1.3.3_SOURCE
warfare_wings:g4m,g4m,torpedo_bomber,ijn,escort,dc3029597c88859744633b6f5e4a9f21d449294b1aaac90ea0c1749d7aa98a43,4.5,4.0,2.9,2.7,0.065,0.05,0.085,0.016,0.23,22.0,6.7,0.005,12.0,1.0,0.015,0.0,0.95,0.9,0.97,0.97,0.97,0.065,2.9,2.7,0.05,4.0,4.5,0.085,0.23,22.0,6.7,0.005,12.0,false,IA_1.3.3_default_no_friction_key,ANCHOR_JAR+IA_1.3.3_SOURCE
warfare_wings:he111,he111,bomber,luftwaffe,escort,dc3029597c88859744633b6f5e4a9f21d449294b1aaac90ea0c1749d7aa98a43,4.8,4.0,2.2,2.1,0.055,0.05,0.088,0.018,0.26,20.0,10.0,0.0055,13.5,1.0,0.015,0.0,0.95,0.9,0.97,0.97,0.97,0.055,2.2,2.1,0.05,4.0,4.8,0.088,0.26,20.0,10.0,0.0055,13.5,false,IA_1.3.3_default_no_friction_key,ANCHOR_JAR+IA_1.3.3_SOURCE
warfare_wings:il2,il2,attacker,vvs,attacker,dc3029597c88859744633b6f5e4a9f21d449294b1aaac90ea0c1749d7aa98a43,3.8,5.0,4.0,3.5,0.07,0.05,0.085,0.015,0.24,35.0,11.5,0.0045,10.5,1.0,0.015,0.0,0.95,0.9,0.97,0.97,0.97,0.07,4.0,3.5,0.05,5.0,3.8,0.085,0.24,35.0,11.5,0.0045,10.5,false,IA_1.3.3_default_no_friction_key,ANCHOR_JAR+IA_1.3.3_SOURCE
warfare_wings:ju87,ju87,attacker,luftwaffe,attacker,dc3029597c88859744633b6f5e4a9f21d449294b1aaac90ea0c1749d7aa98a43,2.6,4.5,1.8,1.8,0.05,0.05,0.07,0.018,0.2,25.0,11.5,0.006,8.5,1.0,0.015,0.0,0.95,0.9,0.97,0.97,0.97,0.05,1.8,1.8,0.05,4.5,2.6,0.07,0.2,25.0,11.5,0.006,8.5,false,IA_1.3.3_default_no_friction_key,ANCHOR_JAR+IA_1.3.3_SOURCE
warfare_wings:ki61,ki61,fighter,ija,energy_fighter,dc3029597c88859744633b6f5e4a9f21d449294b1aaac90ea0c1749d7aa98a43,2.4,3.0,3.1,2.9,0.09,0.05,0.06,0.01,0.145,70.0,13.3,0.0025,5.9,1.0,0.015,0.0,0.95,0.9,0.97,0.97,0.97,0.09,3.1,2.9,0.05,3.0,2.4,0.06,0.145,70.0,13.3,0.0025,5.9,false,IA_1.3.3_default_no_friction_key,ANCHOR_JAR+IA_1.3.3_SOURCE
warfare_wings:ki84,ki84,fighter,ija,energy_fighter,dc3029597c88859744633b6f5e4a9f21d449294b1aaac90ea0c1749d7aa98a43,2.6,3.5,3.3,3.1,0.1,0.05,0.061,0.01,0.15,74.0,14.2,0.0025,6.0,1.0,0.015,0.0,0.95,0.9,0.97,0.97,0.97,0.1,3.3,3.1,0.05,3.5,2.6,0.061,0.15,74.0,14.2,0.0025,6.0,false,IA_1.3.3_default_no_friction_key,ANCHOR_JAR+IA_1.3.3_SOURCE
warfare_wings:mc202,mc202,fighter,regia_aeronautica,energy_fighter,dc3029597c88859744633b6f5e4a9f21d449294b1aaac90ea0c1749d7aa98a43,2.2,3.0,3.0,2.9,0.085,0.05,0.057,0.011,0.14,66.0,13.9,0.003,5.9,1.0,0.015,0.0,0.95,0.9,0.97,0.97,0.97,0.085,3.0,2.9,0.05,3.0,2.2,0.057,0.14,66.0,13.9,0.003,5.9,false,IA_1.3.3_default_no_friction_key,ANCHOR_JAR+IA_1.3.3_SOURCE
warfare_wings:mig3,mig3,fighter,vvs,energy_fighter,dc3029597c88859744633b6f5e4a9f21d449294b1aaac90ea0c1749d7aa98a43,2.3,3.0,2.7,2.8,0.092,0.05,0.057,0.011,0.14,68.0,14.9,0.003,6.6,1.0,0.015,0.0,0.95,0.9,0.97,0.97,0.97,0.092,2.7,2.8,0.05,3.0,2.3,0.057,0.14,68.0,14.9,0.003,6.6,false,IA_1.3.3_default_no_friction_key,ANCHOR_JAR+IA_1.3.3_SOURCE
warfare_wings:p40e,p40e,fighter,usaaf,energy_fighter,dc3029597c88859744633b6f5e4a9f21d449294b1aaac90ea0c1749d7aa98a43,2.7,3.5,2.7,2.7,0.085,0.05,0.055,0.012,0.14,65.0,13.4,0.003,6.9,1.0,0.015,0.0,0.95,0.9,0.97,0.97,0.97,0.085,2.7,2.7,0.05,3.5,2.7,0.055,0.14,65.0,13.4,0.003,6.9,false,IA_1.3.3_default_no_friction_key,ANCHOR_JAR+IA_1.3.3_SOURCE
warfare_wings:p47n,p47n,fighter,usaaf,energy_fighter,dc3029597c88859744633b6f5e4a9f21d449294b1aaac90ea0c1749d7aa98a43,3.4,5.0,2.5,2.4,0.102,0.05,0.055,0.013,0.165,58.0,15.5,0.004,9.0,1.0,0.015,0.0,0.95,0.9,0.97,0.97,0.97,0.102,2.5,2.4,0.05,5.0,3.4,0.055,0.165,58.0,15.5,0.004,9.0,false,IA_1.3.3_default_no_friction_key,ANCHOR_JAR+IA_1.3.3_SOURCE
warfare_wings:p51d,p51d,fighter,usaaf,energy_fighter,dc3029597c88859744633b6f5e4a9f21d449294b1aaac90ea0c1749d7aa98a43,3.2,4.0,3.0,3.0,0.1,0.05,0.06,0.01,0.15,80.0,12.5,0.002,6.5,1.0,0.015,0.0,0.95,0.9,0.97,0.97,0.97,0.1,3.0,3.0,0.05,4.0,3.2,0.06,0.15,80.0,12.5,0.002,6.5,false,IA_1.3.3_default_no_friction_key,ANCHOR_JAR+IA_1.3.3_SOURCE
warfare_wings:sbd,sbd,attacker,usn,attacker,dc3029597c88859744633b6f5e4a9f21d449294b1aaac90ea0c1749d7aa98a43,2.8,3.8,2.4,2.2,0.06,0.05,0.09,0.017,0.22,30.0,11.3,0.0055,7.2,1.0,0.015,0.0,0.95,0.9,0.97,0.97,0.97,0.06,2.4,2.2,0.05,3.8,2.8,0.09,0.22,30.0,11.3,0.0055,7.2,false,IA_1.3.3_default_no_friction_key,ANCHOR_JAR+IA_1.3.3_SOURCE
warfare_wings:spitfire,spitfire,fighter,raf,turn_fighter,dc3029597c88859744633b6f5e4a9f21d449294b1aaac90ea0c1749d7aa98a43,2.35,3.0,3.6,3.4,0.095,0.05,0.064,0.009,0.148,78.0,12.4,0.002,5.8,1.0,0.015,0.0,0.95,0.9,0.97,0.97,0.97,0.095,3.6,3.4,0.05,3.0,2.35,0.064,0.148,78.0,12.4,0.002,5.8,false,IA_1.3.3_default_no_friction_key,ANCHOR_JAR+IA_1.3.3_SOURCE
warfare_wings:yak3,yak3,fighter,vvs,turn_fighter,dc3029597c88859744633b6f5e4a9f21d449294b1aaac90ea0c1749d7aa98a43,2.2,3.0,3.4,3.3,0.096,0.05,0.059,0.01,0.146,76.0,12.5,0.0022,5.6,1.0,0.015,0.0,0.95,0.9,0.97,0.97,0.97,0.096,3.4,3.3,0.05,3.0,2.2,0.059,0.146,76.0,12.5,0.0022,5.6,false,IA_1.3.3_default_no_friction_key,ANCHOR_JAR+IA_1.3.3_SOURCE