schema_version,aircraft_id,base_id,role,faction,doctrine,source_predicted_top_speed_bps,time_to_90_speed_ticks,yaw_change_20t_deg,pitch_change_20t_deg,turn_exit_speed_retention,ticks_to_90_yaw,equal_angle_90_speed_retention,distance_to_90_yaw_blocks,engine_speed,yaw_speed,pitch_speed,lift,glide_factor,durability,mass,raw_drift_drag,runtime_friction,evidence
ww.physics.aircraft-atlas.v2,warfare_wings:a6m,a6m,fighter,ijn,turn_fighter,33.670033670033,91,34.237171156859,31.534236591844,0.976949448465,42,0.925567214042,68.547035674389,0.075000000000,3.800000000000,3.500000000000,0.135000000000,0.065000000000,2.500000000000,5.400000000000,0.008000000000,0.015000000000,SOURCE_MICROKERNEL+ANCHOR_JAR+IA_1.3.3_SOURCE
ww.physics.aircraft-atlas.v2,warfare_wings:b17,b17,bomber,usaaf,escort,20.202020202020,89,10.811738260061,9.910760071722,0.998560448250,118,0.994638070036,118.738004774098,0.045000000000,1.200000000000,1.100000000000,0.280000000000,0.080000000000,6.000000000000,18.000000000000,0.020000000000,0.015000000000,SOURCE_MICROKERNEL+ANCHOR_JAR+IA_1.3.3_SOURCE
ww.physics.aircraft-atlas.v2,warfare_wings:b29,b29,bomber,usaaf,escort,22.446689113356,90,11.712716448399,10.811738260061,0.998419614357,109,0.994263833047,121.849054576883,0.050000000000,1.300000000000,1.200000000000,0.300000000000,0.085000000000,6.500000000000,20.000000000000,0.018000000000,0.015000000000,SOURCE_MICROKERNEL+ANCHOR_JAR+IA_1.3.3_SOURCE
ww.physics.aircraft-atlas.v2,warfare_wings:bf109,bf109,fighter,luftwaffe,energy_fighter,43.995510662177,92,28.831302026829,27.029345650152,0.983953901170,49,0.941875343787,104.979551399253,0.098000000000,3.200000000000,3.000000000000,0.142000000000,0.058000000000,3.500000000000,6.000000000000,0.010000000000,0.015000000000,SOURCE_MICROKERNEL+ANCHOR_JAR+IA_1.3.3_SOURCE
ww.physics.aircraft-atlas.v2,warfare_wings:d4y,d4y,attacker,ijn,attacker,38.159371492705,92,28.831302026829,27.029345650152,0.986694001256,49,0.957376124245,91.630840733137,0.085000000000,3.200000000000,3.000000000000,0.200000000000,0.070000000000,3.300000000000,6.600000000000,0.013000000000,0.015000000000,SOURCE_MICROKERNEL+ANCHOR_JAR+IA_1.3.3_SOURCE
ww.physics.aircraft-atlas.v2,warfare_wings:f4u,f4u,fighter,usn,energy_fighter,44.893378226711,92,26.128367461813,24.776900179306,0.987532182225,53,0.954435080061,116.397959421587,0.100000000000,2.900000000000,2.750000000000,0.160000000000,0.062000000000,4.500000000000,7.800000000000,0.011000000000,0.015000000000,SOURCE_MICROKERNEL+ANCHOR_JAR+IA_1.3.3_SOURCE
ww.physics.aircraft-atlas.v2,warfare_wings:f6f,f6f,fighter,usn,energy_fighter,42.648709315376,92,25.227389273475,24.326411085137,0.988186013999,55,0.955287208016,114.758068501281,0.095000000000,2.800000000000,2.700000000000,0.155000000000,0.062000000000,4.500000000000,7.400000000000,0.011000000000,0.015000000000,SOURCE_MICROKERNEL+ANCHOR_JAR+IA_1.3.3_SOURCE
ww.physics.aircraft-atlas.v2,warfare_wings:fw190,fw190,fighter,luftwaffe,energy_fighter,44.893378226711,92,27.930323838490,27.029345650152,0.985305817701,50,0.947072375365,109.523485001887,0.100000000000,3.100000000000,3.000000000000,0.150000000000,0.060000000000,4.000000000000,6.700000000000,0.011000000000,0.015000000000,SOURCE_MICROKERNEL+ANCHOR_JAR+IA_1.3.3_SOURCE
ww.physics.aircraft-atlas.v2,warfare_wings:g10n1,g10n1,bomber,ijn,escort,26.936026936027,91,18.019563766768,18.019563766768,0.996385471346,74,0.987774432703,98.944931878696,0.060000000000,2.000000000000,2.000000000000,0.310000000000,0.090000000000,5.500000000000,22.000000000000,0.017000000000,0.015000000000,SOURCE_MICROKERNEL+ANCHOR_JAR+IA_1.3.3_SOURCE
ww.physics.aircraft-atlas.v2,warfare_wings:g10n2,g10n2,bomber,ijn,escort,26.936026936027,91,18.019563766768,18.019563766768,0.996385471346,74,0.987774432703,98.944931878696,0.060000000000,2.000000000000,2.000000000000,0.310000000000,0.090000000000,5.500000000000,17.000000000000,0.017000000000,0.015000000000,SOURCE_MICROKERNEL+ANCHOR_JAR+IA_1.3.3_SOURCE
ww.physics.aircraft-atlas.v2,warfare_wings:g4m,g4m,torpedo_bomber,ijn,escort,29.180695847362,91,26.128367461813,24.326411085137,0.990100052284,53,0.968119705640,76.115560709400,0.065000000000,2.900000000000,2.700000000000,0.230000000000,0.085000000000,4.000000000000,12.000000000000,0.016000000000,0.015000000000,SOURCE_MICROKERNEL+ANCHOR_JAR+IA_1.3.3_SOURCE
ww.physics.aircraft-atlas.v2,warfare_wings:he111,he111,bomber,luftwaffe,escort,24.691358024691,90,19.821520143445,18.920541955106,0.994836175470,68,0.982102410645,83.107722770201,0.055000000000,2.200000000000,2.100000000000,0.260000000000,0.088000000000,4.000000000000,13.500000000000,0.018000000000,0.015000000000,SOURCE_MICROKERNEL+ANCHOR_JAR+IA_1.3.3_SOURCE
ww.physics.aircraft-atlas.v2,warfare_wings:il2,il2,attacker,vvs,attacker,31.425364758698,91,36.039127533536,31.534236591844,0.981860450367,41,0.951954680175,63.074087971447,0.070000000000,4.000000000000,3.500000000000,0.240000000000,0.085000000000,5.000000000000,10.500000000000,0.015000000000,0.015000000000,SOURCE_MICROKERNEL+ANCHOR_JAR+IA_1.3.3_SOURCE
ww.physics.aircraft-atlas.v2,warfare_wings:ju87,ju87,attacker,luftwaffe,attacker,22.446689113356,89,16.217607390091,16.217607390091,0.995771902123,81,0.983141166839,89.992850961798,0.050000000000,1.800000000000,1.800000000000,0.200000000000,0.070000000000,4.500000000000,8.500000000000,0.018000000000,0.015000000000,SOURCE_MICROKERNEL+ANCHOR_JAR+IA_1.3.3_SOURCE
ww.physics.aircraft-atlas.v2,warfare_wings:ki61,ki61,fighter,ija,energy_fighter,40.404040404040,92,27.930323838490,26.128367461813,0.985074140995,50,0.945525858840,98.510261204968,0.090000000000,3.100000000000,2.900000000000,0.145000000000,0.060000000000,3.000000000000,5.900000000000,0.010000000000,0.015000000000,SOURCE_MICROKERNEL+ANCHOR_JAR+IA_1.3.3_SOURCE
ww.physics.aircraft-atlas.v2,warfare_wings:ki84,ki84,fighter,ija,energy_fighter,44.893378226711,92,29.732280215167,27.930323838490,0.983363094700,48,0.941935580409,104.949576487300,0.100000000000,3.300000000000,3.100000000000,0.150000000000,0.061000000000,3.500000000000,6.000000000000,0.010000000000,0.015000000000,SOURCE_MICROKERNEL+ANCHOR_JAR+IA_1.3.3_SOURCE
ww.physics.aircraft-atlas.v2,warfare_wings:mc202,mc202,fighter,regia_aeronautica,energy_fighter,38.159371492705,92,27.029345650152,26.128367461813,0.985797543642,52,0.946002385658,96.738814893930,0.085000000000,3.000000000000,2.900000000000,0.140000000000,0.057000000000,3.000000000000,5.900000000000,0.011000000000,0.015000000000,SOURCE_MICROKERNEL+ANCHOR_JAR+IA_1.3.3_SOURCE
ww.physics.aircraft-atlas.v2,warfare_wings:mig3,mig3,fighter,vvs,energy_fighter,41.301907968574,92,24.326411085137,25.227389273475,0.988482384840,57,0.953578278211,115.059061522979,0.092000000000,2.700000000000,2.800000000000,0.140000000000,0.057000000000,3.000000000000,6.600000000000,0.011000000000,0.015000000000,SOURCE_MICROKERNEL+ANCHOR_JAR+IA_1.3.3_SOURCE
ww.physics.aircraft-atlas.v2,warfare_wings:p40e,p40e,fighter,usaaf,energy_fighter,38.159371492705,92,24.326411085137,24.326411085137,0.988482384840,57,0.953578278211,106.304567711451,0.085000000000,2.700000000000,2.700000000000,0.140000000000,0.055000000000,3.500000000000,6.900000000000,0.012000000000,0.015000000000,SOURCE_MICROKERNEL+ANCHOR_JAR+IA_1.3.3_SOURCE
ww.physics.aircraft-atlas.v2,warfare_wings:p47n,p47n,fighter,usaaf,energy_fighter,45.791245791246,92,22.524454708460,21.623476520121,0.990868926777,60,0.964626363494,134.908910197135,0.102000000000,2.500000000000,2.400000000000,0.165000000000,0.055000000000,5.000000000000,9.000000000000,0.013000000000,0.015000000000,SOURCE_MICROKERNEL+ANCHOR_JAR+IA_1.3.3_SOURCE
ww.physics.aircraft-atlas.v2,warfare_wings:p51d,p51d,fighter,usaaf,energy_fighter,44.893378226711,92,27.029345650152,27.029345650152,0.986232838247,52,0.949080092940,113.953505238249,0.100000000000,3.000000000000,3.000000000000,0.150000000000,0.060000000000,4.000000000000,6.500000000000,0.010000000000,0.015000000000,SOURCE_MICROKERNEL+ANCHOR_JAR+IA_1.3.3_SOURCE
ww.physics.aircraft-atlas.v2,warfare_wings:sbd,sbd,attacker,usn,attacker,26.936026936027,90,21.623476520121,19.821520143445,0.992978571989,63,0.975042010085,83.717584310509,0.060000000000,2.400000000000,2.200000000000,0.220000000000,0.090000000000,3.800000000000,7.200000000000,0.017000000000,0.015000000000,SOURCE_MICROKERNEL+ANCHOR_JAR+IA_1.3.3_SOURCE
ww.physics.aircraft-atlas.v2,warfare_wings:spitfire,spitfire,fighter,raf,turn_fighter,42.648709315376,92,32.435214780182,30.633258403505,0.980104199479,44,0.935020996491,91.231444465120,0.095000000000,3.600000000000,3.400000000000,0.148000000000,0.064000000000,3.000000000000,5.800000000000,0.009000000000,0.015000000000,SOURCE_MICROKERNEL+ANCHOR_JAR+IA_1.3.3_SOURCE
ww.physics.aircraft-atlas.v2,warfare_wings:yak3,yak3,fighter,vvs,turn_fighter,43.097643097643,92,30.633258403505,29.732280215167,0.982125201147,46,0.939017566389,96.495108810471,0.096000000000,3.400000000000,3.300000000000,0.146000000000,0.059000000000,3.000000000000,5.600000000000,0.010000000000,0.015000000000,SOURCE_MICROKERNEL+ANCHOR_JAR+IA_1.3.3_SOURCE