schema_version,case,aircraft_id,role,mission,ticks,first_maneuver,last_maneuver,move_count,final_distance_to_objective_blocks,final_speed_bps,min_height_above_ground_blocks,fire_candidate_ticks,maneuver_histogram,evidence
ww.tactics.decision.v1,AIR_CONTACT,warfare_wings:a6m,fighter,INTERCEPT,200,INTERCEPT,TURN_PURSUIT,200,194.232555980,30.010478451,119.340040033,0,INTERCEPT:99|TURN_PURSUIT:74|HIGH_SIDE_PASS:27,SOURCE_MICROKERNEL+TACTICAL_HEURISTIC
ww.tactics.decision.v1,ROLE_MISSION,warfare_wings:a6m,fighter,ESCORT,200,ESCORT_SCREEN,ESCORT_SCREEN,200,178.659296813,21.110030179,159.568370446,0,ESCORT_SCREEN:200,SOURCE_MICROKERNEL+TACTICAL_HEURISTIC
ww.tactics.decision.v1,SAFETY_RECOVERY,warfare_wings:a6m,fighter,INTERCEPT,200,TERRAIN_RECOVERY,PATROL_ROUTE,200,180.078703503,19.303283019,5.561867522,0,PATROL_ROUTE:165|TERRAIN_RECOVERY:35,SOURCE_MICROKERNEL+TACTICAL_HEURISTIC
ww.tactics.decision.v1,LOW_FUEL,warfare_wings:a6m,fighter,INTERCEPT,200,RETURN_HOME,RETURN_HOME,200,550.604085358,34.672777241,152.986409220,0,RETURN_HOME:200,SOURCE_MICROKERNEL+TACTICAL_HEURISTIC
ww.tactics.decision.v1,AIR_CONTACT,warfare_wings:b17,bomber,LEVEL_BOMB,200,LEVEL_BOMB_RUN,LEVEL_BOMB_RUN,200,225.262235548,12.548132792,156.507400589,0,LEVEL_BOMB_RUN:200,SOURCE_MICROKERNEL+TACTICAL_HEURISTIC
ww.tactics.decision.v1,ROLE_MISSION,warfare_wings:b17,bomber,LEVEL_BOMB,200,LEVEL_BOMB_RUN,LEVEL_BOMB_RUN,200,225.262235548,12.548132792,156.507400589,0,LEVEL_BOMB_RUN:200,SOURCE_MICROKERNEL+TACTICAL_HEURISTIC
ww.tactics.decision.v1,SAFETY_RECOVERY,warfare_wings:b17,bomber,LEVEL_BOMB,200,TERRAIN_RECOVERY,LEVEL_BOMB_RUN,200,243.746963266,10.908010976,5.756860638,0,LEVEL_BOMB_RUN:151|TERRAIN_RECOVERY:49,SOURCE_MICROKERNEL+TACTICAL_HEURISTIC
ww.tactics.decision.v1,LOW_FUEL,warfare_wings:b17,bomber,LEVEL_BOMB,200,RETURN_HOME,RETURN_HOME,200,376.500130803,20.684008374,155.598910155,0,RETURN_HOME:200,SOURCE_MICROKERNEL+TACTICAL_HEURISTIC
ww.tactics.decision.v1,AIR_CONTACT,warfare_wings:b29,bomber,LEVEL_BOMB,200,LEVEL_BOMB_RUN,LEVEL_BOMB_RUN,200,218.018368762,13.645712526,157.937473309,0,LEVEL_BOMB_RUN:200,SOURCE_MICROKERNEL+TACTICAL_HEURISTIC
ww.tactics.decision.v1,ROLE_MISSION,warfare_wings:b29,bomber,LEVEL_BOMB,200,LEVEL_BOMB_RUN,LEVEL_BOMB_RUN,200,218.018368762,13.645712526,157.937473309,0,LEVEL_BOMB_RUN:200,SOURCE_MICROKERNEL+TACTICAL_HEURISTIC
ww.tactics.decision.v1,SAFETY_RECOVERY,warfare_wings:b29,bomber,LEVEL_BOMB,200,TERRAIN_RECOVERY,LEVEL_BOMB_RUN,200,235.736390317,11.868282038,5.785925264,0,LEVEL_BOMB_RUN:155|TERRAIN_RECOVERY:45,SOURCE_MICROKERNEL+TACTICAL_HEURISTIC
ww.tactics.decision.v1,LOW_FUEL,warfare_wings:b29,bomber,LEVEL_BOMB,200,RETURN_HOME,RETURN_HOME,200,395.375008578,23.053757712,155.409309944,0,RETURN_HOME:200,SOURCE_MICROKERNEL+TACTICAL_HEURISTIC
ww.tactics.decision.v1,AIR_CONTACT,warfare_wings:bf109,fighter,INTERCEPT,200,INTERCEPT,INTERCEPT,200,212.149029833,40.545024807,117.757669118,0,INTERCEPT:184|HIGH_SIDE_PASS:16,SOURCE_MICROKERNEL+TACTICAL_HEURISTIC
ww.tactics.decision.v1,ROLE_MISSION,warfare_wings:bf109,fighter,ESCORT,200,ESCORT_SCREEN,ESCORT_SCREEN,200,144.373051768,30.186889483,159.837596815,0,ESCORT_SCREEN:200,SOURCE_MICROKERNEL+TACTICAL_HEURISTIC
ww.tactics.decision.v1,SAFETY_RECOVERY,warfare_wings:bf109,fighter,INTERCEPT,200,TERRAIN_RECOVERY,PATROL_ROUTE,200,128.168270243,25.974177576,5.575415901,0,PATROL_ROUTE:168|TERRAIN_RECOVERY:32,SOURCE_MICROKERNEL+TACTICAL_HEURISTIC
ww.tactics.decision.v1,LOW_FUEL,warfare_wings:bf109,fighter,INTERCEPT,200,RETURN_HOME,RETURN_HOME,200,608.282671669,45.135564179,151.661064689,0,RETURN_HOME:200,SOURCE_MICROKERNEL+TACTICAL_HEURISTIC
ww.tactics.decision.v1,AIR_CONTACT,warfare_wings:d4y,attacker,STRAFE,200,STRAFING_RUN,STRAFING_RUN,200,43.936510225,47.295417064,84.143738406,0,STRAFING_RUN:200,SOURCE_MICROKERNEL+TACTICAL_HEURISTIC
ww.tactics.decision.v1,ROLE_MISSION,warfare_wings:d4y,attacker,STRAFE,200,STRAFING_RUN,STRAFING_RUN,200,43.936510225,47.295417064,84.143738406,0,STRAFING_RUN:200,SOURCE_MICROKERNEL+TACTICAL_HEURISTIC
ww.tactics.decision.v1,SAFETY_RECOVERY,warfare_wings:d4y,attacker,STRAFE,200,TERRAIN_RECOVERY,STRAFING_RUN,200,107.501064937,29.976497502,5.696591044,0,STRAFING_RUN:169|TERRAIN_RECOVERY:31,SOURCE_MICROKERNEL+TACTICAL_HEURISTIC
ww.tactics.decision.v1,LOW_FUEL,warfare_wings:d4y,attacker,STRAFE,200,RETURN_HOME,RETURN_HOME,200,574.512032567,39.406962282,152.473846228,0,RETURN_HOME:200,SOURCE_MICROKERNEL+TACTICAL_HEURISTIC
ww.tactics.decision.v1,AIR_CONTACT,warfare_wings:f4u,fighter,INTERCEPT,200,EXTEND_AND_REENTER,EXTEND_AND_REENTER,200,532.820832922,34.004678094,160.000000000,0,EXTEND_AND_REENTER:200,SOURCE_MICROKERNEL+TACTICAL_HEURISTIC
ww.tactics.decision.v1,ROLE_MISSION,warfare_wings:f4u,fighter,ESCORT,200,ESCORT_SCREEN,ESCORT_SCREEN,200,142.042505093,30.949231053,159.910648185,0,ESCORT_SCREEN:200,SOURCE_MICROKERNEL+TACTICAL_HEURISTIC
ww.tactics.decision.v1,SAFETY_RECOVERY,warfare_wings:f4u,fighter,INTERCEPT,200,TERRAIN_RECOVERY,PATROL_ROUTE,200,125.435357706,26.173956633,5.617062498,0,PATROL_ROUTE:169|TERRAIN_RECOVERY:31,SOURCE_MICROKERNEL+TACTICAL_HEURISTIC
ww.tactics.decision.v1,LOW_FUEL,warfare_wings:f4u,fighter,INTERCEPT,200,RETURN_HOME,RETURN_HOME,200,606.634667025,46.118277245,151.669434597,0,RETURN_HOME:200,SOURCE_MICROKERNEL+TACTICAL_HEURISTIC
ww.tactics.decision.v1,AIR_CONTACT,warfare_wings:f6f,fighter,INTERCEPT,200,EXTEND_AND_REENTER,EXTEND_AND_REENTER,200,518.986775599,32.003070548,160.000000000,0,EXTEND_AND_REENTER:200,SOURCE_MICROKERNEL+TACTICAL_HEURISTIC
ww.tactics.decision.v1,ROLE_MISSION,warfare_wings:f6f,fighter,ESCORT,200,ESCORT_SCREEN,ESCORT_SCREEN,200,144.515345398,30.203418592,159.874388232,0,ESCORT_SCREEN:200,SOURCE_MICROKERNEL+TACTICAL_HEURISTIC
ww.tactics.decision.v1,SAFETY_RECOVERY,warfare_wings:f6f,fighter,INTERCEPT,200,TERRAIN_RECOVERY,PATROL_ROUTE,200,136.022140052,24.851814827,5.602588024,0,PATROL_ROUTE:168|TERRAIN_RECOVERY:32,SOURCE_MICROKERNEL+TACTICAL_HEURISTIC
ww.tactics.decision.v1,LOW_FUEL,warfare_wings:f6f,fighter,INTERCEPT,200,RETURN_HOME,RETURN_HOME,200,588.502008387,43.798553955,152.046866211,0,RETURN_HOME:200,SOURCE_MICROKERNEL+TACTICAL_HEURISTIC
ww.tactics.decision.v1,AIR_CONTACT,warfare_wings:fw190,fighter,INTERCEPT,200,EXTEND_AND_REENTER,EXTEND_AND_REENTER,200,538.619525239,34.305915933,160.000000000,0,EXTEND_AND_REENTER:200,SOURCE_MICROKERNEL+TACTICAL_HEURISTIC
ww.tactics.decision.v1,ROLE_MISSION,warfare_wings:fw190,fighter,ESCORT,200,ESCORT_SCREEN,ESCORT_SCREEN,200,143.195838655,30.680062173,159.878463198,0,ESCORT_SCREEN:200,SOURCE_MICROKERNEL+TACTICAL_HEURISTIC
ww.tactics.decision.v1,SAFETY_RECOVERY,warfare_wings:fw190,fighter,INTERCEPT,200,TERRAIN_RECOVERY,PATROL_ROUTE,200,125.023452011,26.334163811,5.598110674,0,PATROL_ROUTE:169|TERRAIN_RECOVERY:31,SOURCE_MICROKERNEL+TACTICAL_HEURISTIC
ww.tactics.decision.v1,LOW_FUEL,warfare_wings:fw190,fighter,INTERCEPT,200,RETURN_HOME,RETURN_HOME,200,612.176838802,46.094521444,151.568209915,0,RETURN_HOME:200,SOURCE_MICROKERNEL+TACTICAL_HEURISTIC
ww.tactics.decision.v1,AIR_CONTACT,warfare_wings:g10n1,bomber,LEVEL_BOMB,200,LEVEL_BOMB_RUN,LEVEL_BOMB_RUN,200,200.230639620,16.370692295,158.637229883,0,LEVEL_BOMB_RUN:200,SOURCE_MICROKERNEL+TACTICAL_HEURISTIC
ww.tactics.decision.v1,ROLE_MISSION,warfare_wings:g10n1,bomber,LEVEL_BOMB,200,LEVEL_BOMB_RUN,LEVEL_BOMB_RUN,200,200.230639620,16.370692295,158.637229883,0,LEVEL_BOMB_RUN:200,SOURCE_MICROKERNEL+TACTICAL_HEURISTIC
ww.tactics.decision.v1,SAFETY_RECOVERY,warfare_wings:g10n1,bomber,LEVEL_BOMB,200,TERRAIN_RECOVERY,LEVEL_BOMB_RUN,200,223.403703467,13.927412735,5.803605874,0,LEVEL_BOMB_RUN:164|TERRAIN_RECOVERY:36,SOURCE_MICROKERNEL+TACTICAL_HEURISTIC
ww.tactics.decision.v1,LOW_FUEL,warfare_wings:g10n1,bomber,LEVEL_BOMB,200,RETURN_HOME,RETURN_HOME,200,467.828989267,27.992883296,154.559890306,0,RETURN_HOME:200,SOURCE_MICROKERNEL+TACTICAL_HEURISTIC
ww.tactics.decision.v1,AIR_CONTACT,warfare_wings:g10n2,bomber,LEVEL_BOMB,200,LEVEL_BOMB_RUN,LEVEL_BOMB_RUN,200,200.230639620,16.370692295,158.637229883,0,LEVEL_BOMB_RUN:200,SOURCE_MICROKERNEL+TACTICAL_HEURISTIC
ww.tactics.decision.v1,ROLE_MISSION,warfare_wings:g10n2,bomber,LEVEL_BOMB,200,LEVEL_BOMB_RUN,LEVEL_BOMB_RUN,200,200.230639620,16.370692295,158.637229883,0,LEVEL_BOMB_RUN:200,SOURCE_MICROKERNEL+TACTICAL_HEURISTIC
ww.tactics.decision.v1,SAFETY_RECOVERY,warfare_wings:g10n2,bomber,LEVEL_BOMB,200,TERRAIN_RECOVERY,LEVEL_BOMB_RUN,200,223.403703467,13.927412735,5.803605874,0,LEVEL_BOMB_RUN:164|TERRAIN_RECOVERY:36,SOURCE_MICROKERNEL+TACTICAL_HEURISTIC
ww.tactics.decision.v1,LOW_FUEL,warfare_wings:g10n2,bomber,LEVEL_BOMB,200,RETURN_HOME,RETURN_HOME,200,467.828989267,27.992883296,154.559890306,0,RETURN_HOME:200,SOURCE_MICROKERNEL+TACTICAL_HEURISTIC
ww.tactics.decision.v1,AIR_CONTACT,warfare_wings:g4m,torpedo_bomber,TORPEDO,200,TORPEDO_APPROACH,TORPEDO_APPROACH,200,109.353540865,31.335086004,60.999746882,0,TORPEDO_APPROACH:200,SOURCE_MICROKERNEL+TACTICAL_HEURISTIC
ww.tactics.decision.v1,ROLE_MISSION,warfare_wings:g4m,torpedo_bomber,TORPEDO,200,TORPEDO_APPROACH,TORPEDO_APPROACH,200,109.353540865,31.335086004,60.999746882,0,TORPEDO_APPROACH:200,SOURCE_MICROKERNEL+TACTICAL_HEURISTIC
ww.tactics.decision.v1,SAFETY_RECOVERY,warfare_wings:g4m,torpedo_bomber,TORPEDO,200,TERRAIN_RECOVERY,TORPEDO_APPROACH,200,205.576662368,17.628540986,5.733370317,0,TORPEDO_APPROACH:166|TERRAIN_RECOVERY:34,SOURCE_MICROKERNEL+TACTICAL_HEURISTIC
ww.tactics.decision.v1,LOW_FUEL,warfare_wings:g4m,torpedo_bomber,TORPEDO,200,RETURN_HOME,RETURN_HOME,200,511.029219035,30.342121700,153.879498215,0,RETURN_HOME:200,SOURCE_MICROKERNEL+TACTICAL_HEURISTIC
ww.tactics.decision.v1,AIR_CONTACT,warfare_wings:he111,bomber,LEVEL_BOMB,200,LEVEL_BOMB_RUN,LEVEL_BOMB_RUN,200,208.871074603,15.007592227,158.193903650,0,LEVEL_BOMB_RUN:200,SOURCE_MICROKERNEL+TACTICAL_HEURISTIC
ww.tactics.decision.v1,ROLE_MISSION,warfare_wings:he111,bomber,LEVEL_BOMB,200,LEVEL_BOMB_RUN,LEVEL_BOMB_RUN,200,208.871074603,15.007592227,158.193903650,0,LEVEL_BOMB_RUN:200,SOURCE_MICROKERNEL+TACTICAL_HEURISTIC
ww.tactics.decision.v1,SAFETY_RECOVERY,warfare_wings:he111,bomber,LEVEL_BOMB,200,TERRAIN_RECOVERY,LEVEL_BOMB_RUN,200,232.651013863,12.924873415,5.759926099,0,LEVEL_BOMB_RUN:162|TERRAIN_RECOVERY:38,SOURCE_MICROKERNEL+TACTICAL_HEURISTIC
ww.tactics.decision.v1,LOW_FUEL,warfare_wings:he111,bomber,LEVEL_BOMB,200,RETURN_HOME,RETURN_HOME,200,463.083254095,25.653807938,154.717739371,0,RETURN_HOME:200,SOURCE_MICROKERNEL+TACTICAL_HEURISTIC
ww.tactics.decision.v1,AIR_CONTACT,warfare_wings:il2,attacker,STRAFE,200,STRAFING_RUN,STRAFING_RUN,200,0.950063892,44.639454840,89.802528185,0,STRAFING_RUN:200,SOURCE_MICROKERNEL+TACTICAL_HEURISTIC
ww.tactics.decision.v1,ROLE_MISSION,warfare_wings:il2,attacker,STRAFE,200,STRAFING_RUN,STRAFING_RUN,200,0.950063892,44.639454840,89.802528185,0,STRAFING_RUN:200,SOURCE_MICROKERNEL+TACTICAL_HEURISTIC
ww.tactics.decision.v1,SAFETY_RECOVERY,warfare_wings:il2,attacker,STRAFE,200,TERRAIN_RECOVERY,STRAFING_RUN,200,155.726703626,23.474223712,5.752447584,0,STRAFING_RUN:170|TERRAIN_RECOVERY:30,SOURCE_MICROKERNEL+TACTICAL_HEURISTIC
ww.tactics.decision.v1,LOW_FUEL,warfare_wings:il2,attacker,STRAFE,200,RETURN_HOME,RETURN_HOME,200,543.600457365,32.746998988,153.314107075,0,RETURN_HOME:200,SOURCE_MICROKERNEL+TACTICAL_HEURISTIC
ww.tactics.decision.v1,AIR_CONTACT,warfare_wings:ju87,attacker,STRAFE,200,STRAFING_RUN,STRAFING_RUN,200,101.575185552,29.670085660,111.032120973,0,STRAFING_RUN:200,SOURCE_MICROKERNEL+TACTICAL_HEURISTIC
ww.tactics.decision.v1,ROLE_MISSION,warfare_wings:ju87,attacker,STRAFE,200,STRAFING_RUN,STRAFING_RUN,200,101.575185552,29.670085660,111.032120973,0,STRAFING_RUN:200,SOURCE_MICROKERNEL+TACTICAL_HEURISTIC
ww.tactics.decision.v1,SAFETY_RECOVERY,warfare_wings:ju87,attacker,STRAFE,200,TERRAIN_RECOVERY,STRAFING_RUN,200,204.601243270,17.443427483,5.662774800,0,STRAFING_RUN:156|TERRAIN_RECOVERY:44,SOURCE_MICROKERNEL+TACTICAL_HEURISTIC
ww.tactics.decision.v1,LOW_FUEL,warfare_wings:ju87,attacker,STRAFE,200,RETURN_HOME,RETURN_HOME,200,429.498794419,23.051910974,155.009969130,0,RETURN_HOME:200,SOURCE_MICROKERNEL+TACTICAL_HEURISTIC
ww.tactics.decision.v1,AIR_CONTACT,warfare_wings:ki61,fighter,INTERCEPT,200,EXTEND_AND_REENTER,EXTEND_AND_REENTER,200,515.693096677,30.410767688,160.000000000,0,EXTEND_AND_REENTER:200,SOURCE_MICROKERNEL+TACTICAL_HEURISTIC
ww.tactics.decision.v1,ROLE_MISSION,warfare_wings:ki61,fighter,ESCORT,200,ESCORT_SCREEN,ESCORT_SCREEN,200,151.241831773,28.602087644,159.801165656,0,ESCORT_SCREEN:200,SOURCE_MICROKERNEL+TACTICAL_HEURISTIC
ww.tactics.decision.v1,SAFETY_RECOVERY,warfare_wings:ki61,fighter,INTERCEPT,200,TERRAIN_RECOVERY,PATROL_ROUTE,200,146.199050028,23.667572789,5.578956942,0,PATROL_ROUTE:167|TERRAIN_RECOVERY:33,SOURCE_MICROKERNEL+TACTICAL_HEURISTIC
ww.tactics.decision.v1,LOW_FUEL,warfare_wings:ki61,fighter,INTERCEPT,200,RETURN_HOME,RETURN_HOME,200,582.676722294,41.483569315,152.219354828,0,RETURN_HOME:200,SOURCE_MICROKERNEL+TACTICAL_HEURISTIC
ww.tactics.decision.v1,AIR_CONTACT,warfare_wings:ki84,fighter,INTERCEPT,200,INTERCEPT,INTERCEPT,200,213.569023426,41.426480319,118.001642799,0,INTERCEPT:130|TURN_PURSUIT:55|HIGH_SIDE_PASS:15,SOURCE_MICROKERNEL+TACTICAL_HEURISTIC
ww.tactics.decision.v1,ROLE_MISSION,warfare_wings:ki84,fighter,ESCORT,200,ESCORT_SCREEN,ESCORT_SCREEN,200,145.319369419,30.425054873,159.877608307,0,ESCORT_SCREEN:200,SOURCE_MICROKERNEL+TACTICAL_HEURISTIC
ww.tactics.decision.v1,SAFETY_RECOVERY,warfare_wings:ki84,fighter,INTERCEPT,200,TERRAIN_RECOVERY,PATROL_ROUTE,200,125.814670994,26.248888231,5.600800067,0,PATROL_ROUTE:169|TERRAIN_RECOVERY:31,SOURCE_MICROKERNEL+TACTICAL_HEURISTIC
ww.tactics.decision.v1,LOW_FUEL,warfare_wings:ki84,fighter,INTERCEPT,200,RETURN_HOME,RETURN_HOME,200,617.726602483,46.137748515,151.466572702,0,RETURN_HOME:200,SOURCE_MICROKERNEL+TACTICAL_HEURISTIC
ww.tactics.decision.v1,AIR_CONTACT,warfare_wings:mc202,fighter,INTERCEPT,200,EXTEND_AND_REENTER,EXTEND_AND_REENTER,200,503.881654968,28.795855786,160.000000000,0,EXTEND_AND_REENTER:200,SOURCE_MICROKERNEL+TACTICAL_HEURISTIC
ww.tactics.decision.v1,ROLE_MISSION,warfare_wings:mc202,fighter,ESCORT,200,ESCORT_SCREEN,ESCORT_SCREEN,200,159.772357748,26.884502886,159.731684062,0,ESCORT_SCREEN:200,SOURCE_MICROKERNEL+TACTICAL_HEURISTIC
ww.tactics.decision.v1,SAFETY_RECOVERY,warfare_wings:mc202,fighter,INTERCEPT,200,TERRAIN_RECOVERY,PATROL_ROUTE,200,155.389383917,22.542526067,5.561107725,0,PATROL_ROUTE:166|TERRAIN_RECOVERY:34,SOURCE_MICROKERNEL+TACTICAL_HEURISTIC
ww.tactics.decision.v1,LOW_FUEL,warfare_wings:mc202,fighter,INTERCEPT,200,RETURN_HOME,RETURN_HOME,200,564.823589653,39.111140228,152.586109580,0,RETURN_HOME:200,SOURCE_MICROKERNEL+TACTICAL_HEURISTIC
ww.tactics.decision.v1,AIR_CONTACT,warfare_wings:mig3,fighter,INTERCEPT,200,EXTEND_AND_REENTER,EXTEND_AND_REENTER,200,512.820087004,31.518004713,160.000000000,0,EXTEND_AND_REENTER:200,SOURCE_MICROKERNEL+TACTICAL_HEURISTIC
ww.tactics.decision.v1,ROLE_MISSION,warfare_wings:mig3,fighter,ESCORT,200,ESCORT_SCREEN,ESCORT_SCREEN,200,146.778176527,29.324379318,159.793862159,0,ESCORT_SCREEN:200,SOURCE_MICROKERNEL+TACTICAL_HEURISTIC
ww.tactics.decision.v1,SAFETY_RECOVERY,warfare_wings:mig3,fighter,INTERCEPT,200,TERRAIN_RECOVERY,PATROL_ROUTE,200,140.096287721,24.440782181,5.560637794,0,PATROL_ROUTE:167|TERRAIN_RECOVERY:33,SOURCE_MICROKERNEL+TACTICAL_HEURISTIC
ww.tactics.decision.v1,LOW_FUEL,warfare_wings:mig3,fighter,INTERCEPT,200,RETURN_HOME,RETURN_HOME,200,574.644930278,42.295989866,152.308372372,0,RETURN_HOME:200,SOURCE_MICROKERNEL+TACTICAL_HEURISTIC
ww.tactics.decision.v1,AIR_CONTACT,warfare_wings:p40e,fighter,INTERCEPT,200,EXTEND_AND_REENTER,EXTEND_AND_REENTER,200,497.957809957,28.956124314,160.000000000,0,EXTEND_AND_REENTER:200,SOURCE_MICROKERNEL+TACTICAL_HEURISTIC
ww.tactics.decision.v1,ROLE_MISSION,warfare_wings:p40e,fighter,ESCORT,200,ESCORT_SCREEN,ESCORT_SCREEN,200,156.990449296,26.988948636,159.733168132,0,ESCORT_SCREEN:200,SOURCE_MICROKERNEL+TACTICAL_HEURISTIC
ww.tactics.decision.v1,SAFETY_RECOVERY,warfare_wings:p40e,fighter,INTERCEPT,200,TERRAIN_RECOVERY,PATROL_ROUTE,200,154.019652323,22.694151916,5.552474662,0,PATROL_ROUTE:166|TERRAIN_RECOVERY:34,SOURCE_MICROKERNEL+TACTICAL_HEURISTIC
ww.tactics.decision.v1,LOW_FUEL,warfare_wings:p40e,fighter,INTERCEPT,200,RETURN_HOME,RETURN_HOME,200,555.172235177,39.044977535,152.727397757,0,RETURN_HOME:200,SOURCE_MICROKERNEL+TACTICAL_HEURISTIC
ww.tactics.decision.v1,AIR_CONTACT,warfare_wings:p47n,fighter,INTERCEPT,200,EXTEND_AND_REENTER,EXTEND_AND_REENTER,200,531.551284843,35.792912553,160.000000000,0,EXTEND_AND_REENTER:200,SOURCE_MICROKERNEL+TACTICAL_HEURISTIC
ww.tactics.decision.v1,ROLE_MISSION,warfare_wings:p47n,fighter,ESCORT,200,ESCORT_SCREEN,ESCORT_SCREEN,200,144.551622126,31.797382287,159.931554872,0,ESCORT_SCREEN:200,SOURCE_MICROKERNEL+TACTICAL_HEURISTIC
ww.tactics.decision.v1,SAFETY_RECOVERY,warfare_wings:p47n,fighter,INTERCEPT,200,TERRAIN_RECOVERY,PATROL_ROUTE,200,115.411101276,27.322782495,5.618228298,0,PATROL_ROUTE:168|TERRAIN_RECOVERY:32,SOURCE_MICROKERNEL+TACTICAL_HEURISTIC
ww.tactics.decision.v1,LOW_FUEL,warfare_wings:p47n,fighter,INTERCEPT,200,RETURN_HOME,RETURN_HOME,200,593.941172329,46.821294030,151.861339488,0,RETURN_HOME:200,SOURCE_MICROKERNEL+TACTICAL_HEURISTIC
ww.tactics.decision.v1,AIR_CONTACT,warfare_wings:p51d,fighter,INTERCEPT,200,EXTEND_AND_REENTER,EXTEND_AND_REENTER,200,536.430504677,34.313333988,160.000000000,0,EXTEND_AND_REENTER:200,SOURCE_MICROKERNEL+TACTICAL_HEURISTIC
ww.tactics.decision.v1,ROLE_MISSION,warfare_wings:p51d,fighter,ESCORT,200,ESCORT_SCREEN,ESCORT_SCREEN,200,142.255915484,30.781055562,159.878944052,0,ESCORT_SCREEN:200,SOURCE_MICROKERNEL+TACTICAL_HEURISTIC
ww.tactics.decision.v1,SAFETY_RECOVERY,warfare_wings:p51d,fighter,INTERCEPT,200,TERRAIN_RECOVERY,PATROL_ROUTE,200,125.023569328,26.334205823,5.598110674,0,PATROL_ROUTE:169|TERRAIN_RECOVERY:31,SOURCE_MICROKERNEL+TACTICAL_HEURISTIC
ww.tactics.decision.v1,LOW_FUEL,warfare_wings:p51d,fighter,INTERCEPT,200,RETURN_HOME,RETURN_HOME,200,609.070635414,46.082316787,151.623543068,0,RETURN_HOME:200,SOURCE_MICROKERNEL+TACTICAL_HEURISTIC
ww.tactics.decision.v1,AIR_CONTACT,warfare_wings:sbd,attacker,STRAFE,200,STRAFING_RUN,STRAFING_RUN,200,37.549408679,39.229769268,97.805932203,0,STRAFING_RUN:200,SOURCE_MICROKERNEL+TACTICAL_HEURISTIC
ww.tactics.decision.v1,ROLE_MISSION,warfare_wings:sbd,attacker,STRAFE,200,STRAFING_RUN,STRAFING_RUN,200,37.549408679,39.229769268,97.805932203,0,STRAFING_RUN:200,SOURCE_MICROKERNEL+TACTICAL_HEURISTIC
ww.tactics.decision.v1,SAFETY_RECOVERY,warfare_wings:sbd,attacker,STRAFE,200,TERRAIN_RECOVERY,STRAFING_RUN,200,184.419454504,19.830944838,5.713570587,0,STRAFING_RUN:162|TERRAIN_RECOVERY:38,SOURCE_MICROKERNEL+TACTICAL_HEURISTIC
ww.tactics.decision.v1,LOW_FUEL,warfare_wings:sbd,attacker,STRAFE,200,RETURN_HOME,RETURN_HOME,200,482.818903813,28.021485614,154.327259569,0,RETURN_HOME:200,SOURCE_MICROKERNEL+TACTICAL_HEURISTIC
ww.tactics.decision.v1,AIR_CONTACT,warfare_wings:spitfire,fighter,INTERCEPT,200,INTERCEPT,INTERCEPT,200,208.556420630,38.803875155,118.438171752,0,INTERCEPT:126|TURN_PURSUIT:57|HIGH_SIDE_PASS:17,SOURCE_MICROKERNEL+TACTICAL_HEURISTIC
ww.tactics.decision.v1,ROLE_MISSION,warfare_wings:spitfire,fighter,ESCORT,200,ESCORT_SCREEN,ESCORT_SCREEN,200,149.426076469,29.291556057,159.844335099,0,ESCORT_SCREEN:200,SOURCE_MICROKERNEL+TACTICAL_HEURISTIC
ww.tactics.decision.v1,SAFETY_RECOVERY,warfare_wings:spitfire,fighter,INTERCEPT,200,TERRAIN_RECOVERY,PATROL_ROUTE,200,138.405741607,24.652780966,5.602357943,0,PATROL_ROUTE:169|TERRAIN_RECOVERY:31,SOURCE_MICROKERNEL+TACTICAL_HEURISTIC
ww.tactics.decision.v1,LOW_FUEL,warfare_wings:spitfire,fighter,INTERCEPT,200,RETURN_HOME,RETURN_HOME,200,609.336366776,43.917144928,151.682899237,0,RETURN_HOME:200,SOURCE_MICROKERNEL+TACTICAL_HEURISTIC
ww.tactics.decision.v1,AIR_CONTACT,warfare_wings:yak3,fighter,INTERCEPT,200,INTERCEPT,INTERCEPT,200,210.976772759,39.522148403,118.337885253,0,INTERCEPT:126|TURN_PURSUIT:57|HIGH_SIDE_PASS:17,SOURCE_MICROKERNEL+TACTICAL_HEURISTIC
ww.tactics.decision.v1,ROLE_MISSION,warfare_wings:yak3,fighter,ESCORT,200,ESCORT_SCREEN,ESCORT_SCREEN,200,147.272024912,29.521372308,159.841759780,0,ESCORT_SCREEN:200,SOURCE_MICROKERNEL+TACTICAL_HEURISTIC
ww.tactics.decision.v1,SAFETY_RECOVERY,warfare_wings:yak3,fighter,INTERCEPT,200,TERRAIN_RECOVERY,PATROL_ROUTE,200,133.514538492,25.320143750,5.593622706,0,PATROL_ROUTE:169|TERRAIN_RECOVERY:31,SOURCE_MICROKERNEL+TACTICAL_HEURISTIC
ww.tactics.decision.v1,LOW_FUEL,warfare_wings:yak3,fighter,INTERCEPT,200,RETURN_HOME,RETURN_HOME,200,607.581394806,44.255622370,151.702160062,0,RETURN_HOME:200,SOURCE_MICROKERNEL+TACTICAL_HEURISTIC
